<?xml version='1.0' encoding='UTF-8'?>
<?artifactRepository version='1.1.0'?>
<repository name='Bundle pool' type='org.eclipse.equinox.p2.artifact.repository.simpleRepository' version='1'>
  <properties size='2'>
    <property name='p2.system' value='true'/>
    <property name='p2.timestamp' value='1423863004475'/>
  </properties>
  <mappings size='3'>
    <rule filter='(&amp; (classifier=osgi.bundle))' output='${repoUrl}/plugins/${id}_${version}.jar'/>
    <rule filter='(&amp; (classifier=binary))' output='${repoUrl}/binary/${id}_${version}'/>
    <rule filter='(&amp; (classifier=org.eclipse.update.feature))' output='${repoUrl}/features/${id}_${version}.jar'/>
  </mappings>
  <artifacts size='382'>
    <artifact classifier='osgi.bundle' id='org.eclipse.equinox.simpleconfigurator.nl_ja' version='4.4.0.v20140623020002'>
      <properties size='1'>
        <property name='download.size' value='1375'/>
      </properties>
    </artifact>
    <artifact classifier='osgi.bundle' id='org.eclipse.e4.core.contexts' version='1.3.100.v20140407-1019'>
      <properties size='1'>
        <property name='download.size' value='48861'/>
      </properties>
    </artifact>
    <artifact classifier='osgi.bundle' id='org.eclipse.equinox.p2.ui.sdk.scheduler' version='1.2.0.v20140422-1847'>
      <properties size='1'>
        <property name='download.size' value='115196'/>
      </properties>
    </artifact>
    <artifact classifier='osgi.bundle' id='com.jrockit.mc.browser.jdp.zh_CN' version='5.5.0.165303'>
      <properties size='1'>
        <property name='download.size' value='2485'/>
      </properties>
    </artifact>
    <artifact classifier='osgi.bundle' id='org.eclipse.osgi.compatibility.state' version='1.0.1.v20140709-1414'>
      <properties size='1'>
        <property name='download.size' value='241933'/>
      </properties>
    </artifact>
    <artifact classifier='osgi.bundle' id='org.eclipse.equinox.p2.directorywatcher.nl_zh' version='4.4.0.v20140623020002'>
      <properties size='1'>
        <property name='download.size' value='2992'/>
      </properties>
    </artifact>
    <artifact classifier='osgi.bundle' id='org.eclipse.e4.ui.services' version='1.1.0.v20140328-1925'>
      <properties size='1'>
        <property name='download.size' value='25843'/>
      </properties>
    </artifact>
    <artifact classifier='osgi.bundle' id='org.eclipse.emf.ecore.change' version='2.10.0.v20140901-1043'>
      <properties size='1'>
        <property name='download.size' value='86650'/>
      </properties>
    </artifact>
    <artifact classifier='osgi.bundle' id='org.eclipse.ui.forms.nl_ja' version='4.4.0.v20140623020002'>
      <properties size='1'>
        <property name='download.size' value='2488'/>
      </properties>
    </artifact>
    <artifact classifier='osgi.bundle' id='org.eclipse.equinox.frameworkadmin.equinox' version='1.0.500.v20131211-1531'>
      <properties size='1'>
        <property name='download.size' value='63501'/>
      </properties>
    </artifact>
    <artifact classifier='osgi.bundle' id='com.jrockit.mc.greychart.ui' version='5.5.0.165303'>
      <properties size='1'>
        <property name='download.size' value='42197'/>
      </properties>
    </artifact>
    <artifact classifier='osgi.bundle' id='org.eclipse.core.databinding' version='1.4.2.v20140729-1044'>
      <properties size='1'>
        <property name='download.size' value='201936'/>
      </properties>
    </artifact>
    <artifact classifier='osgi.bundle' id='com.jrockit.mc.rjmx.ext' version='5.5.0.165303'>
      <properties size='1'>
        <property name='download.size' value='6509'/>
      </properties>
    </artifact>
    <artifact classifier='osgi.bundle' id='com.jrockit.mc.flightrecorder.ui.ja' version='5.5.0.165303'>
      <properties size='1'>
        <property name='download.size' value='295675'/>
      </properties>
    </artifact>
    <artifact classifier='osgi.bundle' id='org.eclipse.help.webapp.nl_zh' version='4.4.0.v20140623020002'>
      <properties size='1'>
        <property name='download.size' value='4801'/>
      </properties>
    </artifact>
    <artifact classifier='osgi.bundle' id='org.eclipse.equinox.p2.core.nl_zh' version='4.4.0.v20140623020002'>
      <properties size='1'>
        <property name='download.size' value='2657'/>
      </properties>
    </artifact>
    <artifact classifier='osgi.bundle' id='org.eclipse.equinox.launcher.gtk.linux.x86_64.nl_ja' version='4.4.0.v20140623020002'>
      <properties size='1'>
        <property name='download.size' value='1526'/>
      </properties>
    </artifact>
    <artifact classifier='osgi.bundle' id='com.jrockit.mc.rcp.application' version='5.5.0.165303'>
      <properties size='1'>
        <property name='download.size' value='1863387'/>
      </properties>
    </artifact>
    <artifact classifier='osgi.bundle' id='org.eclipse.jface' version='3.10.1.v20140813-1009'>
      <properties size='1'>
        <property name='download.size' value='1158760'/>
      </properties>
    </artifact>
    <artifact classifier='osgi.bundle' id='org.eclipse.equinox.p2.transport.ecf.nl_zh' version='4.4.0.v20140623020002'>
      <properties size='1'>
        <property name='download.size' value='1384'/>
      </properties>
    </artifact>
    <artifact classifier='osgi.bundle' id='org.apache.batik.util.gui' version='1.7.0.v200903091627'>
      <properties size='1'>
        <property name='download.size' value='201287'/>
      </properties>
    </artifact>
    <artifact classifier='osgi.bundle' id='org.eclipse.e4.core.commands.nl_ja' version='4.4.0.v20140623020002'>
      <properties size='1'>
        <property name='download.size' value='1407'/>
      </properties>
    </artifact>
    <artifact classifier='osgi.bundle' id='org.eclipse.ui.themes' version='1.0.1.v20140819-1717'>
      <properties size='1'>
        <property name='download.size' value='44332'/>
      </properties>
      <repositoryProperties size='1'>
        <property name='artifact.folder' value='true'/>
      </repositoryProperties>
    </artifact>
    <artifact classifier='org.eclipse.update.feature' id='com.jrockit.mc.feature.flightrecorder' version='5.5.0.165303'>
      <properties size='1'>
        <property name='download.size' value='7034'/>
      </properties>
      <repositoryProperties size='1'>
        <property name='artifact.folder' value='true'/>
      </repositoryProperties>
    </artifact>
    <artifact classifier='osgi.bundle' id='org.eclipse.core.net.linux.x86_64.nl_ja' version='4.4.0.v20140623020002'>
      <properties size='1'>
        <property name='download.size' value='1466'/>
      </properties>
    </artifact>
    <artifact classifier='osgi.bundle' id='org.eclipse.equinox.frameworkadmin.equinox.nl_ja' version='4.4.0.v20140623020002'>
      <properties size='1'>
        <property name='download.size' value='3224'/>
      </properties>
    </artifact>
    <artifact classifier='osgi.bundle' id='org.eclipse.ui.net' version='1.2.200.v20120807-0927'>
      <properties size='1'>
        <property name='download.size' value='48706'/>
      </properties>
    </artifact>
    <artifact classifier='osgi.bundle' id='javax.servlet' version='3.0.0.v201112011016'>
      <properties size='1'>
        <property name='download.size' value='201594'/>
      </properties>
    </artifact>
    <artifact classifier='osgi.bundle' id='com.jrockit.mc.console.ui.diagnostic.zh_CN' version='5.5.0.165303'>
      <properties size='1'>
        <property name='download.size' value='21360'/>
      </properties>
    </artifact>
    <artifact classifier='osgi.bundle' id='org.eclipse.jetty.security' version='8.1.14.v20131031'>
      <properties size='1'>
        <property name='download.size' value='98898'/>
      </properties>
    </artifact>
    <artifact classifier='osgi.bundle' id='org.eclipse.core.databinding.beans' version='1.2.200.v20140214-0004'>
      <properties size='1'>
        <property name='download.size' value='76355'/>
      </properties>
    </artifact>
    <artifact classifier='osgi.bundle' id='org.eclipse.core.databinding.observable.nl_ja' version='4.4.0.v20140623020002'>
      <properties size='1'>
        <property name='download.size' value='1377'/>
      </properties>
    </artifact>
    <artifact classifier='osgi.bundle' id='org.eclipse.ui.workbench.nl_zh' version='4.4.0.v20140623020002'>
      <properties size='1'>
        <property name='download.size' value='30777'/>
      </properties>
    </artifact>
    <artifact classifier='osgi.bundle' id='org.eclipse.core.databinding.observable' version='1.4.1.v20140210-1835'>
      <properties size='1'>
        <property name='download.size' value='297084'/>
      </properties>
    </artifact>
    <artifact classifier='osgi.bundle' id='org.eclipse.swt.nl_zh' version='4.4.0.v20140623020002'>
      <properties size='1'>
        <property name='download.size' value='3228'/>
      </properties>
    </artifact>
    <artifact classifier='osgi.bundle' id='org.eclipse.equinox.p2.extensionlocation.nl_ja' version='4.4.0.v20140623020002'>
      <properties size='1'>
        <property name='download.size' value='2810'/>
      </properties>
    </artifact>
    <artifact classifier='osgi.bundle' id='org.eclipse.equinox.launcher.nl_zh' version='4.4.0.v20140623020002'>
      <properties size='1'>
        <property name='download.size' value='1420'/>
      </properties>
    </artifact>
    <artifact classifier='osgi.bundle' id='org.eclipse.equinox.p2.ql' version='2.0.100.v20131211-1531'>
      <properties size='1'>
        <property name='download.size' value='8979'/>
      </properties>
    </artifact>
    <artifact classifier='osgi.bundle' id='org.w3c.dom.smil' version='1.0.0.v200806040011'>
      <properties size='1'>
        <property name='download.size' value='15995'/>
      </properties>
    </artifact>
    <artifact classifier='osgi.bundle' id='com.jrockit.mc.ui.ja' version='5.5.0.165303'>
      <properties size='1'>
        <property name='download.size' value='13003'/>
      </properties>
    </artifact>
    <artifact classifier='osgi.bundle' id='com.jrockit.mc.flightrecorder.ui.zh_CN' version='5.5.0.165303'>
      <properties size='1'>
        <property name='download.size' value='283237'/>
      </properties>
    </artifact>
    <artifact classifier='osgi.bundle' id='org.eclipse.ui.net.nl_zh' version='4.4.0.v20140623020002'>
      <properties size='1'>
        <property name='download.size' value='2868'/>
      </properties>
    </artifact>
    <artifact classifier='osgi.bundle' id='org.eclipse.rcp' version='4.3.100.v20141007-2301'>
      <properties size='1'>
        <property name='download.size' value='5181'/>
      </properties>
    </artifact>
    <artifact classifier='osgi.bundle' id='com.jrockit.mc.rcp.application.zh_CN' version='5.5.0.165303'>
      <properties size='1'>
        <property name='download.size' value='4749'/>
      </properties>
    </artifact>
    <artifact classifier='osgi.bundle' id='org.eclipse.equinox.p2.ui' version='2.3.0.v20140404-1657'>
      <properties size='1'>
        <property name='download.size' value='568363'/>
      </properties>
    </artifact>
    <artifact classifier='osgi.bundle' id='org.eclipse.equinox.p2.ui.sdk.scheduler.nl_ja' version='4.4.0.v20140623020002'>
      <properties size='1'>
        <property name='download.size' value='5229'/>
      </properties>
    </artifact>
    <artifact classifier='osgi.bundle' id='com.jrockit.mc.rjmx.ui.zh_CN' version='5.5.0.165303'>
      <properties size='1'>
        <property name='download.size' value='9234'/>
      </properties>
    </artifact>
    <artifact classifier='osgi.bundle' id='org.eclipse.e4.ui.bindings.nl_ja' version='4.4.0.v20140623020002'>
      <properties size='1'>
        <property name='download.size' value='1369'/>
      </properties>
    </artifact>
    <artifact classifier='osgi.bundle' id='org.eclipse.jetty.io' version='8.1.14.v20131031'>
      <properties size='1'>
        <property name='download.size' value='113315'/>
      </properties>
    </artifact>
    <artifact classifier='org.eclipse.update.feature' id='org.eclipse.help' version='2.0.102.v20141007-2301'>
      <properties size='1'>
        <property name='download.size' value='12621'/>
      </properties>
      <repositoryProperties size='1'>
        <property name='artifact.folder' value='true'/>
      </repositoryProperties>
    </artifact>
    <artifact classifier='osgi.bundle' id='com.jrockit.mc.p2.ui.overridden' version='5.5.0.165303'>
      <properties size='1'>
        <property name='download.size' value='3754'/>
      </properties>
    </artifact>
    <artifact classifier='osgi.bundle' id='org.eclipse.equinox.p2.console.nl_ja' version='4.4.0.v20140623020002'>
      <properties size='1'>
        <property name='download.size' value='2763'/>
      </properties>
    </artifact>
    <artifact classifier='org.eclipse.update.feature' id='com.jrockit.mc.feature.rcp.ja' version='5.5.0.165303'>
      <properties size='1'>
        <property name='download.size' value='7161'/>
      </properties>
      <repositoryProperties size='1'>
        <property name='artifact.folder' value='true'/>
      </repositoryProperties>
    </artifact>
    <artifact classifier='org.eclipse.update.feature' id='org.eclipse.ecf.filetransfer.httpclient4.feature' version='3.9.1.v20140827-1444'>
      <properties size='1'>
        <property name='download.size' value='26804'/>
      </properties>
      <repositoryProperties size='1'>
        <property name='artifact.folder' value='true'/>
      </repositoryProperties>
    </artifact>
    <artifact classifier='osgi.bundle' id='org.eclipse.ecf.filetransfer' version='5.0.0.v20140827-1444'>
      <properties size='1'>
        <property name='download.size' value='51735'/>
      </properties>
    </artifact>
    <artifact classifier='org.eclipse.update.feature' id='org.eclipse.emf.common' version='2.10.1.v20140901-1043'>
      <properties size='1'>
        <property name='download.size' value='17762'/>
      </properties>
      <repositoryProperties size='1'>
        <property name='artifact.folder' value='true'/>
      </repositoryProperties>
    </artifact>
    <artifact classifier='osgi.bundle' id='org.eclipse.equinox.p2.publisher.eclipse' version='1.1.200.v20140414-0825'>
      <properties size='1'>
        <property name='download.size' value='213031'/>
      </properties>
    </artifact>
    <artifact classifier='osgi.bundle' id='com.jrockit.mc.rjmx.ui' version='5.5.0.165303'>
      <properties size='1'>
        <property name='download.size' value='402728'/>
      </properties>
    </artifact>
    <artifact classifier='osgi.bundle' id='org.eclipse.e4.ui.workbench.renderers.swt' version='0.12.1.v20140903-1023'>
      <properties size='1'>
        <property name='download.size' value='358232'/>
      </properties>
    </artifact>
    <artifact classifier='osgi.bundle' id='org.eclipse.core.databinding.beans.nl_zh' version='4.4.0.v20140623020002'>
      <properties size='1'>
        <property name='download.size' value='1438'/>
      </properties>
    </artifact>
    <artifact classifier='osgi.bundle' id='org.eclipse.equinox.p2.touchpoint.eclipse' version='2.1.200.v20140512-1650'>
      <properties size='1'>
        <property name='download.size' value='127297'/>
      </properties>
    </artifact>
    <artifact classifier='osgi.bundle' id='org.eclipse.ui.forms.nl_zh' version='4.4.0.v20140623020002'>
      <properties size='1'>
        <property name='download.size' value='2468'/>
      </properties>
    </artifact>
    <artifact classifier='osgi.bundle' id='org.eclipse.equinox.simpleconfigurator.nl_zh' version='4.4.0.v20140623020002'>
      <properties size='1'>
        <property name='download.size' value='1426'/>
      </properties>
    </artifact>
    <artifact classifier='osgi.bundle' id='org.eclipse.e4.core.services' version='1.2.1.v20140808-1251'>
      <properties size='1'>
        <property name='download.size' value='45371'/>
      </properties>
    </artifact>
    <artifact classifier='osgi.bundle' id='com.jrockit.mc.greychart.ui.ja' version='5.5.0.165303'>
      <properties size='1'>
        <property name='download.size' value='3135'/>
      </properties>
    </artifact>
    <artifact classifier='osgi.bundle' id='org.eclipse.e4.ui.workbench.addons.swt.nl_zh' version='4.4.0.v20140623020002'>
      <properties size='1'>
        <property name='download.size' value='2738'/>
      </properties>
    </artifact>
    <artifact classifier='osgi.bundle' id='org.eclipse.equinox.p2.touchpoint.natives.nl_ja' version='4.4.0.v20140623020002'>
      <properties size='1'>
        <property name='download.size' value='3977'/>
      </properties>
    </artifact>
    <artifact classifier='osgi.bundle' id='org.eclipse.e4.ui.services.nl_ja' version='4.4.0.v20140623020002'>
      <properties size='1'>
        <property name='download.size' value='1419'/>
      </properties>
    </artifact>
    <artifact classifier='osgi.bundle' id='org.eclipse.equinox.simpleconfigurator.manipulator.nl_zh' version='4.4.0.v20140623020002'>
      <properties size='1'>
        <property name='download.size' value='1447'/>
      </properties>
    </artifact>
    <artifact classifier='osgi.bundle' id='org.eclipse.equinox.frameworkadmin.nl_ja' version='4.4.0.v20140623020002'>
      <properties size='1'>
        <property name='download.size' value='1375'/>
      </properties>
    </artifact>
    <artifact classifier='osgi.bundle' id='org.eclipse.e4.ui.workbench.renderers.swt.nl_ja' version='4.4.0.v20140623020002'>
      <properties size='1'>
        <property name='download.size' value='3704'/>
      </properties>
    </artifact>
    <artifact classifier='osgi.bundle' id='org.eclipse.ui.intro' version='3.4.200.v20130326-1254'>
      <properties size='1'>
        <property name='download.size' value='308937'/>
      </properties>
    </artifact>
    <artifact classifier='osgi.bundle' id='org.eclipse.e4.ui.workbench3.nl_ja' version='4.4.0.v20140623020002'>
      <properties size='1'>
        <property name='download.size' value='1371'/>
      </properties>
    </artifact>
    <artifact classifier='osgi.bundle' id='com.jrockit.mc.console.ui.mbeanbrowser' version='5.5.0.165303'>
      <properties size='1'>
        <property name='download.size' value='124451'/>
      </properties>
    </artifact>
    <artifact classifier='org.eclipse.update.feature' id='com.jrockit.mc.feature.rcp.zh_CN' version='5.5.0.165303'>
      <properties size='1'>
        <property name='download.size' value='7176'/>
      </properties>
      <repositoryProperties size='1'>
        <property name='artifact.folder' value='true'/>
      </repositoryProperties>
    </artifact>
    <artifact classifier='osgi.bundle' id='com.ibm.icu' version='52.1.0.v201404241930'>
      <properties size='1'>
        <property name='download.size' value='10731781'/>
      </properties>
    </artifact>
    <artifact classifier='org.eclipse.update.feature' id='org.eclipse.equinox.p2.rcp.feature' version='1.2.0.v20140523-0116'>
      <properties size='1'>
        <property name='download.size' value='17585'/>
      </properties>
      <repositoryProperties size='1'>
        <property name='artifact.folder' value='true'/>
      </repositoryProperties>
    </artifact>
    <artifact classifier='osgi.bundle' id='org.eclipse.equinox.p2.reconciler.dropins' version='1.1.200.v20131119-0908'>
      <properties size='1'>
        <property name='download.size' value='48408'/>
      </properties>
    </artifact>
    <artifact classifier='osgi.bundle' id='org.eclipse.equinox.p2.ui.sdk.nl_ja' version='4.4.0.v20140623020002'>
      <properties size='1'>
        <property name='download.size' value='3961'/>
      </properties>
    </artifact>
    <artifact classifier='osgi.bundle' id='org.eclipse.help' version='3.6.0.v20130326-1254'>
      <properties size='1'>
        <property name='download.size' value='258639'/>
      </properties>
    </artifact>
    <artifact classifier='osgi.bundle' id='org.apache.httpcomponents.httpcore' version='4.2.5.v201311072007'>
      <properties size='1'>
        <property name='download.size' value='259877'/>
      </properties>
    </artifact>
    <artifact classifier='osgi.bundle' id='org.eclipse.core.commands.nl_ja' version='4.4.0.v20140623020002'>
      <properties size='1'>
        <property name='download.size' value='1393'/>
      </properties>
    </artifact>
    <artifact classifier='org.eclipse.update.feature' id='org.eclipse.babel.nls_eclipse_ja' version='4.4.0.v20140623020002'>
      <properties size='1'>
        <property name='download.size' value='28234'/>
      </properties>
      <repositoryProperties size='1'>
        <property name='artifact.folder' value='true'/>
      </repositoryProperties>
    </artifact>
    <artifact classifier='org.eclipse.update.feature' id='org.eclipse.rcp' version='4.4.0.v20141007-2301'>
      <properties size='1'>
        <property name='download.size' value='12295'/>
      </properties>
      <repositoryProperties size='1'>
        <property name='artifact.folder' value='true'/>
      </repositoryProperties>
    </artifact>
    <artifact classifier='osgi.bundle' id='org.eclipse.help.nl_zh' version='4.4.0.v20140623020002'>
      <properties size='1'>
        <property name='download.size' value='1553'/>
      </properties>
    </artifact>
    <artifact classifier='osgi.bundle' id='org.eclipse.help.base.nl_zh' version='4.4.0.v20140623020002'>
      <properties size='1'>
        <property name='download.size' value='3906'/>
      </properties>
    </artifact>
    <artifact classifier='osgi.bundle' id='org.eclipse.jface.text' version='3.9.1.v20140827-1810'>
      <properties size='1'>
        <property name='download.size' value='994401'/>
      </properties>
    </artifact>
    <artifact classifier='osgi.bundle' id='org.eclipse.e4.ui.css.swt.theme.nl_zh' version='4.4.0.v20140623020002'>
      <properties size='1'>
        <property name='download.size' value='1451'/>
      </properties>
    </artifact>
    <artifact classifier='osgi.bundle' id='org.eclipse.equinox.launcher.gtk.linux.x86_64' version='1.1.200.v20141007-2033'>
      <properties size='1'>
        <property name='download.size' value='75576'/>
      </properties>
      <repositoryProperties size='1'>
        <property name='artifact.folder' value='true'/>
      </repositoryProperties>
    </artifact>
    <artifact classifier='osgi.bundle' id='javax.annotation' version='1.2.0.v201401042248'>
      <properties size='1'>
        <property name='download.size' value='28155'/>
      </properties>
    </artifact>
    <artifact classifier='osgi.bundle' id='org.eclipse.swt.gtk.linux.x86_64.nl_ja' version='4.4.0.v20140623020002'>
      <properties size='1'>
        <property name='download.size' value='1425'/>
      </properties>
    </artifact>
    <artifact classifier='osgi.bundle' id='org.eclipse.e4.ui.workbench.addons.swt.nl_ja' version='4.4.0.v20140623020002'>
      <properties size='1'>
        <property name='download.size' value='2691'/>
      </properties>
    </artifact>
    <artifact classifier='osgi.bundle' id='org.eclipse.swt.gtk.linux.x86_64' version='3.103.1.v20140903-1947'>
      <properties size='1'>
        <property name='download.size' value='2596747'/>
      </properties>
    </artifact>
    <artifact classifier='osgi.bundle' id='org.eclipse.equinox.p2.director.nl_ja' version='4.4.0.v20140623020002'>
      <properties size='1'>
        <property name='download.size' value='3671'/>
      </properties>
    </artifact>
    <artifact classifier='osgi.bundle' id='org.eclipse.equinox.p2.metadata.repository.nl_zh' version='4.4.0.v20140623020002'>
      <properties size='1'>
        <property name='download.size' value='2652'/>
      </properties>
    </artifact>
    <artifact classifier='osgi.bundle' id='org.w3c.dom.events' version='3.0.0.draft20060413_v201105210656'>
      <properties size='1'>
        <property name='download.size' value='13309'/>
      </properties>
    </artifact>
    <artifact classifier='osgi.bundle' id='com.jrockit.mc.common' version='5.5.0.165303'>
      <properties size='1'>
        <property name='download.size' value='245963'/>
      </properties>
    </artifact>
    <artifact classifier='osgi.bundle' id='org.eclipse.equinox.p2.touchpoint.natives.nl_zh' version='4.4.0.v20140623020002'>
      <properties size='1'>
        <property name='download.size' value='2744'/>
      </properties>
    </artifact>
    <artifact classifier='osgi.bundle' id='org.eclipse.jface.databinding.nl_ja' version='4.4.0.v20140623020002'>
      <properties size='1'>
        <property name='download.size' value='1434'/>
      </properties>
    </artifact>
    <artifact classifier='osgi.bundle' id='org.eclipse.update.configurator.nl_ja' version='4.4.0.v20140623020002'>
      <properties size='1'>
        <property name='download.size' value='3772'/>
      </properties>
    </artifact>
    <artifact classifier='osgi.bundle' id='org.eclipse.e4.core.commands.nl_zh' version='4.4.0.v20140623020002'>
      <properties size='1'>
        <property name='download.size' value='1423'/>
      </properties>
    </artifact>
    <artifact classifier='osgi.bundle' id='com.jrockit.mc.alert' version='5.5.0.165303'>
      <properties size='1'>
        <property name='download.size' value='35946'/>
      </properties>
    </artifact>
    <artifact classifier='osgi.bundle' id='org.eclipse.equinox.p2.metadata.repository' version='1.2.100.v20131209-2144'>
      <properties size='1'>
        <property name='download.size' value='114776'/>
      </properties>
    </artifact>
    <artifact classifier='osgi.bundle' id='org.eclipse.equinox.p2.publisher' version='1.3.0.v20140911-0143'>
      <properties size='1'>
        <property name='download.size' value='109099'/>
      </properties>
    </artifact>
    <artifact classifier='osgi.bundle' id='org.eclipse.equinox.p2.garbagecollector' version='1.0.200.v20131115-1210'>
      <properties size='1'>
        <property name='download.size' value='24899'/>
      </properties>
    </artifact>
    <artifact classifier='osgi.bundle' id='org.eclipse.equinox.p2.publisher.eclipse.nl_zh' version='4.4.0.v20140623020002'>
      <properties size='1'>
        <property name='download.size' value='3586'/>
      </properties>
    </artifact>
    <artifact classifier='osgi.bundle' id='org.eclipse.core.jobs' version='3.6.0.v20140424-0053'>
      <properties size='1'>
        <property name='download.size' value='97405'/>
      </properties>
    </artifact>
    <artifact classifier='osgi.bundle' id='org.eclipse.e4.ui.workbench.addons.swt' version='1.1.1.v20140903-0821'>
      <properties size='1'>
        <property name='download.size' value='144041'/>
      </properties>
    </artifact>
    <artifact classifier='osgi.bundle' id='org.eclipse.help.webapp.nl_ja' version='4.4.0.v20140623020002'>
      <properties size='1'>
        <property name='download.size' value='6277'/>
      </properties>
    </artifact>
    <artifact classifier='osgi.bundle' id='org.apache.batik.util' version='1.7.0.v201011041433'>
      <properties size='1'>
        <property name='download.size' value='150535'/>
      </properties>
    </artifact>
    <artifact classifier='osgi.bundle' id='com.jrockit.mc.greychart.ui.zh_CN' version='5.5.0.165303'>
      <properties size='1'>
        <property name='download.size' value='3123'/>
      </properties>
    </artifact>
    <artifact classifier='osgi.bundle' id='org.eclipse.jetty.server' version='8.1.14.v20131031'>
      <properties size='1'>
        <property name='download.size' value='370503'/>
      </properties>
    </artifact>
    <artifact classifier='osgi.bundle' id='com.jrockit.mc.console.ui.diagnostic.ja' version='5.5.0.165303'>
      <properties size='1'>
        <property name='download.size' value='23545'/>
      </properties>
    </artifact>
    <artifact classifier='osgi.bundle' id='org.eclipse.equinox.jsp.jasper' version='1.0.400.v20130327-1442'>
      <properties size='1'>
        <property name='download.size' value='27962'/>
      </properties>
    </artifact>
    <artifact classifier='osgi.bundle' id='org.eclipse.e4.ui.workbench3' version='0.12.0.v20140227-2118'>
      <properties size='1'>
        <property name='download.size' value='10158'/>
      </properties>
    </artifact>
    <artifact classifier='osgi.bundle' id='org.eclipse.osgi.compatibility.state.nl_ja' version='4.4.0.v20140623020002'>
      <properties size='1'>
        <property name='download.size' value='3313'/>
      </properties>
    </artifact>
    <artifact classifier='osgi.bundle' id='org.eclipse.e4.ui.workbench.renderers.swt.nl_zh' version='4.4.0.v20140623020002'>
      <properties size='1'>
        <property name='download.size' value='3641'/>
      </properties>
    </artifact>
    <artifact classifier='osgi.bundle' id='org.eclipse.equinox.launcher.gtk.linux.x86_64.nl_zh' version='4.4.0.v20140623020002'>
      <properties size='1'>
        <property name='download.size' value='1529'/>
      </properties>
    </artifact>
    <artifact classifier='osgi.bundle' id='org.eclipse.ecf.provider.filetransfer.httpclient4' version='1.0.800.v20140827-1444'>
      <properties size='1'>
        <property name='download.size' value='71399'/>
      </properties>
    </artifact>
    <artifact classifier='osgi.bundle' id='org.eclipse.equinox.util' version='1.0.500.v20130404-1337'>
      <properties size='1'>
        <property name='download.size' value='77626'/>
      </properties>
    </artifact>
    <artifact classifier='osgi.bundle' id='com.jrockit.mc.console.ui' version='5.5.0.165303'>
      <properties size='1'>
        <property name='download.size' value='294985'/>
      </properties>
    </artifact>
    <artifact classifier='osgi.bundle' id='org.eclipse.equinox.frameworkadmin.equinox.nl_zh' version='4.4.0.v20140623020002'>
      <properties size='1'>
        <property name='download.size' value='3496'/>
      </properties>
    </artifact>
    <artifact classifier='osgi.bundle' id='org.eclipse.e4.ui.services.nl_zh' version='4.4.0.v20140623020002'>
      <properties size='1'>
        <property name='download.size' value='2528'/>
      </properties>
    </artifact>
    <artifact classifier='osgi.bundle' id='org.eclipse.equinox.p2.repository' version='2.3.0.v20131211-1531'>
      <properties size='1'>
        <property name='download.size' value='129169'/>
      </properties>
    </artifact>
    <artifact classifier='osgi.bundle' id='org.eclipse.jetty.util' version='8.1.14.v20131031'>
      <properties size='1'>
        <property name='download.size' value='301680'/>
      </properties>
    </artifact>
    <artifact classifier='osgi.bundle' id='org.eclipse.e4.core.di' version='1.4.0.v20140414-1837'>
      <properties size='1'>
        <property name='download.size' value='54070'/>
      </properties>
    </artifact>
    <artifact classifier='osgi.bundle' id='com.jrockit.mc.browser.zh_CN' version='5.5.0.165303'>
      <properties size='1'>
        <property name='download.size' value='33830'/>
      </properties>
    </artifact>
    <artifact classifier='osgi.bundle' id='org.eclipse.equinox.p2.touchpoint.eclipse.nl_ja' version='4.4.0.v20140623020002'>
      <properties size='1'>
        <property name='download.size' value='5259'/>
      </properties>
    </artifact>
    <artifact classifier='osgi.bundle' id='org.eclipse.equinox.p2.artifact.repository.nl_zh' version='4.4.0.v20140623020002'>
      <properties size='1'>
        <property name='download.size' value='5840'/>
      </properties>
    </artifact>
    <artifact classifier='osgi.bundle' id='org.eclipse.equinox.launcher.nl_ja' version='4.4.0.v20140623020002'>
      <properties size='1'>
        <property name='download.size' value='1409'/>
      </properties>
    </artifact>
    <artifact classifier='osgi.bundle' id='org.apache.commons.codec' version='1.6.0.v201305230611'>
      <properties size='1'>
        <property name='download.size' value='258016'/>
      </properties>
    </artifact>
    <artifact classifier='osgi.bundle' id='org.eclipse.e4.core.di.extensions' version='0.12.0.v20140417-2033'>
      <properties size='1'>
        <property name='download.size' value='28396'/>
      </properties>
    </artifact>
    <artifact classifier='osgi.bundle' id='org.eclipse.equinox.http.servlet' version='1.1.500.v20140318-1755'>
      <properties size='1'>
        <property name='download.size' value='44850'/>
      </properties>
    </artifact>
    <artifact classifier='osgi.bundle' id='org.eclipse.text' version='3.5.300.v20130515-1451'>
      <properties size='1'>
        <property name='download.size' value='249216'/>
      </properties>
    </artifact>
    <artifact classifier='osgi.bundle' id='javax.servlet.jsp' version='2.2.0.v201112011158'>
      <properties size='1'>
        <property name='download.size' value='107235'/>
      </properties>
    </artifact>
    <artifact classifier='osgi.bundle' id='org.eclipse.equinox.p2.reconciler.dropins.nl_ja' version='4.4.0.v20140623020002'>
      <properties size='1'>
        <property name='download.size' value='2885'/>
      </properties>
    </artifact>
    <artifact classifier='osgi.bundle' id='org.eclipse.core.databinding.property' version='1.4.200.v20140214-0004'>
      <properties size='1'>
        <property name='download.size' value='168743'/>
      </properties>
    </artifact>
    <artifact classifier='osgi.bundle' id='org.eclipse.equinox.frameworkadmin.nl_zh' version='4.4.0.v20140623020002'>
      <properties size='1'>
        <property name='download.size' value='1423'/>
      </properties>
    </artifact>
    <artifact classifier='osgi.bundle' id='org.eclipse.equinox.p2.garbagecollector.nl_zh' version='4.4.0.v20140623020002'>
      <properties size='1'>
        <property name='download.size' value='1390'/>
      </properties>
    </artifact>
    <artifact classifier='osgi.bundle' id='org.eclipse.equinox.p2.repository.nl_zh' version='4.4.0.v20140623020002'>
      <properties size='1'>
        <property name='download.size' value='2974'/>
      </properties>
    </artifact>
    <artifact classifier='osgi.bundle' id='org.eclipse.ecf' version='3.4.0.v20140827-1444'>
      <properties size='1'>
        <property name='download.size' value='103302'/>
      </properties>
    </artifact>
    <artifact classifier='osgi.bundle' id='com.jrockit.mc.console.ui.ja' version='5.5.0.165303'>
      <properties size='1'>
        <property name='download.size' value='81538'/>
      </properties>
    </artifact>
    <artifact classifier='osgi.bundle' id='org.eclipse.equinox.simpleconfigurator.manipulator.nl_ja' version='4.4.0.v20140623020002'>
      <properties size='1'>
        <property name='download.size' value='1385'/>
      </properties>
    </artifact>
    <artifact classifier='osgi.bundle' id='com.jrockit.mc.flightrecorder.controlpanel.ui' version='5.5.0.165303'>
      <properties size='1'>
        <property name='download.size' value='198730'/>
      </properties>
    </artifact>
    <artifact classifier='osgi.bundle' id='org.eclipse.equinox.p2.publisher.nl_ja' version='4.4.0.v20140623020002'>
      <properties size='1'>
        <property name='download.size' value='3302'/>
      </properties>
    </artifact>
    <artifact classifier='osgi.bundle' id='org.eclipse.core.resources' version='3.9.1.v20140825-1431'>
      <properties size='1'>
        <property name='download.size' value='833742'/>
      </properties>
    </artifact>
    <artifact classifier='osgi.bundle' id='org.eclipse.core.filesystem' version='1.4.100.v20140514-1614'>
      <properties size='1'>
        <property name='download.size' value='58054'/>
      </properties>
    </artifact>
    <artifact classifier='osgi.bundle' id='org.eclipse.jetty.http' version='8.1.14.v20131031'>
      <properties size='1'>
        <property name='download.size' value='103777'/>
      </properties>
    </artifact>
    <artifact classifier='osgi.bundle' id='com.jrockit.mc.ui.zh_CN' version='5.5.0.165303'>
      <properties size='1'>
        <property name='download.size' value='12316'/>
      </properties>
    </artifact>
    <artifact classifier='osgi.bundle' id='org.eclipse.equinox.ds' version='1.4.200.v20131126-2331'>
      <properties size='1'>
        <property name='download.size' value='194460'/>
      </properties>
    </artifact>
    <artifact classifier='osgi.bundle' id='com.jrockit.mc.flightrecorder.ui' version='5.5.0.165303'>
      <properties size='1'>
        <property name='download.size' value='1187851'/>
      </properties>
    </artifact>
    <artifact classifier='osgi.bundle' id='com.jrockit.mc.alert.zh_CN' version='5.5.0.165303'>
      <properties size='1'>
        <property name='download.size' value='2522'/>
      </properties>
    </artifact>
    <artifact classifier='osgi.bundle' id='org.eclipse.core.databinding.nl_zh' version='4.4.0.v20140623020002'>
      <properties size='1'>
        <property name='download.size' value='2823'/>
      </properties>
    </artifact>
    <artifact classifier='osgi.bundle' id='org.eclipse.jface.databinding' version='1.6.200.v20140528-1422'>
      <properties size='1'>
        <property name='download.size' value='277918'/>
      </properties>
    </artifact>
    <artifact classifier='osgi.bundle' id='com.jrockit.mc.docs.zh_CN' version='5.5.0.165303'>
      <properties size='1'>
        <property name='download.size' value='44438'/>
      </properties>
    </artifact>
    <artifact classifier='osgi.bundle' id='org.eclipse.equinox.bidi' version='0.10.0.v20130327-1442'>
      <properties size='1'>
        <property name='download.size' value='48369'/>
      </properties>
    </artifact>
    <artifact classifier='org.eclipse.update.feature' id='org.eclipse.ecf.core.ssl.feature' version='1.0.0.v20140827-1444'>
      <properties size='1'>
        <property name='download.size' value='18554'/>
      </properties>
      <repositoryProperties size='1'>
        <property name='artifact.folder' value='true'/>
      </repositoryProperties>
    </artifact>
    <artifact classifier='osgi.bundle' id='org.eclipse.equinox.p2.metadata.repository.nl_ja' version='4.4.0.v20140623020002'>
      <properties size='1'>
        <property name='download.size' value='2906'/>
      </properties>
    </artifact>
    <artifact classifier='osgi.bundle' id='org.eclipse.equinox.p2.director.app.nl_zh' version='4.4.0.v20140623020002'>
      <properties size='1'>
        <property name='download.size' value='2613'/>
      </properties>
    </artifact>
    <artifact classifier='osgi.bundle' id='com.sun.el' version='2.2.0.v201303151357'>
      <properties size='1'>
        <property name='download.size' value='137042'/>
      </properties>
    </artifact>
    <artifact classifier='osgi.bundle' id='org.eclipse.core.commands.nl_zh' version='4.4.0.v20140623020002'>
      <properties size='1'>
        <property name='download.size' value='1403'/>
      </properties>
    </artifact>
    <artifact classifier='osgi.bundle' id='org.eclipse.ui.nl_zh' version='4.4.0.v20140623020002'>
      <properties size='1'>
        <property name='download.size' value='6110'/>
      </properties>
    </artifact>
    <artifact classifier='osgi.bundle' id='org.eclipse.text.nl_zh' version='4.4.0.v20140623020002'>
      <properties size='1'>
        <property name='download.size' value='4449'/>
      </properties>
    </artifact>
    <artifact classifier='osgi.bundle' id='org.eclipse.e4.ui.workbench3.nl_zh' version='4.4.0.v20140623020002'>
      <properties size='1'>
        <property name='download.size' value='1385'/>
      </properties>
    </artifact>
    <artifact classifier='osgi.bundle' id='org.eclipse.ui' version='3.106.0.v20140812-1751'>
      <properties size='1'>
        <property name='download.size' value='268382'/>
      </properties>
    </artifact>
    <artifact classifier='osgi.bundle' id='org.eclipse.equinox.event' version='1.3.100.v20140115-1647'>
      <properties size='1'>
        <property name='download.size' value='32208'/>
      </properties>
    </artifact>
    <artifact classifier='osgi.bundle' id='org.eclipse.equinox.p2.updatechecker' version='1.1.200.v20131119-0908'>
      <properties size='1'>
        <property name='download.size' value='17467'/>
      </properties>
    </artifact>
    <artifact classifier='osgi.bundle' id='org.eclipse.equinox.p2.engine.nl_zh' version='4.4.0.v20140623020002'>
      <properties size='1'>
        <property name='download.size' value='2592'/>
      </properties>
    </artifact>
    <artifact classifier='osgi.bundle' id='org.eclipse.equinox.p2.repository.nl_ja' version='4.4.0.v20140623020002'>
      <properties size='1'>
        <property name='download.size' value='6056'/>
      </properties>
    </artifact>
    <artifact classifier='osgi.bundle' id='org.eclipse.core.databinding.beans.nl_ja' version='4.4.0.v20140623020002'>
      <properties size='1'>
        <property name='download.size' value='1428'/>
      </properties>
    </artifact>
    <artifact classifier='osgi.bundle' id='com.jrockit.mc.flightrecorder.controlpanel.ui.zh_CN' version='5.5.0.165303'>
      <properties size='1'>
        <property name='download.size' value='8136'/>
      </properties>
    </artifact>
    <artifact classifier='org.eclipse.update.feature' id='org.eclipse.emf.ecore' version='2.10.1.v20140901-1043'>
      <properties size='1'>
        <property name='download.size' value='17800'/>
      </properties>
      <repositoryProperties size='1'>
        <property name='artifact.folder' value='true'/>
      </repositoryProperties>
    </artifact>
    <artifact classifier='osgi.bundle' id='org.eclipse.osgi.compatibility.state.nl_zh' version='4.4.0.v20140623020002'>
      <properties size='1'>
        <property name='download.size' value='3156'/>
      </properties>
    </artifact>
    <artifact classifier='osgi.bundle' id='org.eclipse.equinox.jsp.jasper.registry' version='1.0.300.v20130327-1442'>
      <properties size='1'>
        <property name='download.size' value='11992'/>
      </properties>
    </artifact>
    <artifact classifier='osgi.bundle' id='org.eclipse.jetty.continuation' version='8.1.14.v20131031'>
      <properties size='1'>
        <property name='download.size' value='27561'/>
      </properties>
    </artifact>
    <artifact classifier='org.eclipse.update.feature' id='org.eclipse.equinox.p2.core.feature' version='1.3.0.v20140523-0116'>
      <properties size='1'>
        <property name='download.size' value='18146'/>
      </properties>
      <repositoryProperties size='1'>
        <property name='artifact.folder' value='true'/>
      </repositoryProperties>
    </artifact>
    <artifact classifier='osgi.bundle' id='org.w3c.css.sac' version='1.3.1.v200903091627'>
      <properties size='1'>
        <property name='download.size' value='32952'/>
      </properties>
    </artifact>
    <artifact classifier='osgi.bundle' id='org.eclipse.e4.ui.css.swt.theme' version='0.9.300.v20140424-2042'>
      <properties size='1'>
        <property name='download.size' value='26197'/>
      </properties>
    </artifact>
    <artifact classifier='org.eclipse.update.feature' id='com.jrockit.mc.feature.rcp' version='5.5.0.165303'>
      <properties size='1'>
        <property name='download.size' value='7452'/>
      </properties>
      <repositoryProperties size='1'>
        <property name='artifact.folder' value='true'/>
      </repositoryProperties>
    </artifact>
    <artifact classifier='osgi.bundle' id='org.eclipse.equinox.simpleconfigurator.manipulator' version='2.0.0.v20131217-1203'>
      <properties size='1'>
        <property name='download.size' value='25460'/>
      </properties>
    </artifact>
    <artifact classifier='osgi.bundle' id='com.jrockit.mc.console.ui.notification.ja' version='5.5.0.165303'>
      <properties size='1'>
        <property name='download.size' value='31729'/>
      </properties>
    </artifact>
    <artifact classifier='osgi.bundle' id='com.jrockit.mc.rjmx.ui.ja' version='5.5.0.165303'>
      <properties size='1'>
        <property name='download.size' value='9550'/>
      </properties>
    </artifact>
    <artifact classifier='osgi.bundle' id='org.apache.felix.gogo.runtime' version='0.10.0.v201209301036'>
      <properties size='1'>
        <property name='download.size' value='80249'/>
      </properties>
    </artifact>
    <artifact classifier='osgi.bundle' id='org.eclipse.e4.ui.di.nl_zh' version='4.4.0.v20140623020002'>
      <properties size='1'>
        <property name='download.size' value='1424'/>
      </properties>
    </artifact>
    <artifact classifier='osgi.bundle' id='org.eclipse.e4.ui.css.swt.nl_zh' version='4.4.0.v20140623020002'>
      <properties size='1'>
        <property name='download.size' value='1418'/>
      </properties>
    </artifact>
    <artifact classifier='osgi.bundle' id='org.eclipse.equinox.p2.transport.ecf.nl_ja' version='4.4.0.v20140623020002'>
      <properties size='1'>
        <property name='download.size' value='3764'/>
      </properties>
    </artifact>
    <artifact classifier='osgi.bundle' id='com.jrockit.mc.components.ui.ja' version='5.5.0.165303'>
      <properties size='1'>
        <property name='download.size' value='5747'/>
      </properties>
    </artifact>
    <artifact classifier='osgi.bundle' id='org.eclipse.ecf.provider.filetransfer.ssl' version='1.0.0.v20140827-1444'>
      <properties size='1'>
        <property name='download.size' value='9672'/>
      </properties>
    </artifact>
    <artifact classifier='osgi.bundle' id='org.eclipse.osgi.nl_ja' version='4.4.0.v20140623020002'>
      <properties size='1'>
        <property name='download.size' value='7100'/>
      </properties>
    </artifact>
    <artifact classifier='osgi.bundle' id='org.eclipse.equinox.p2.engine.nl_ja' version='4.4.0.v20140623020002'>
      <properties size='1'>
        <property name='download.size' value='4522'/>
      </properties>
    </artifact>
    <artifact classifier='osgi.bundle' id='org.eclipse.equinox.p2.director.app.nl_ja' version='4.4.0.v20140623020002'>
      <properties size='1'>
        <property name='download.size' value='4800'/>
      </properties>
    </artifact>
    <artifact classifier='osgi.bundle' id='org.eclipse.e4.ui.css.swt.theme.nl_ja' version='4.4.0.v20140623020002'>
      <properties size='1'>
        <property name='download.size' value='1404'/>
      </properties>
    </artifact>
    <artifact classifier='osgi.bundle' id='org.eclipse.emf.ecore.xmi' version='2.10.1.v20140901-1043'>
      <properties size='1'>
        <property name='download.size' value='229412'/>
      </properties>
    </artifact>
    <artifact classifier='osgi.bundle' id='org.eclipse.e4.ui.workbench.swt' version='0.12.100.v20140530-1436'>
      <properties size='1'>
        <property name='download.size' value='184113'/>
      </properties>
    </artifact>
    <artifact classifier='osgi.bundle' id='org.eclipse.update.configurator.nl_zh' version='4.4.0.v20140623020002'>
      <properties size='1'>
        <property name='download.size' value='3531'/>
      </properties>
    </artifact>
    <artifact classifier='osgi.bundle' id='org.eclipse.jface.nl_ja' version='4.4.0.v20140623020002'>
      <properties size='1'>
        <property name='download.size' value='5985'/>
      </properties>
    </artifact>
    <artifact classifier='osgi.bundle' id='org.apache.lucene.analysis' version='3.5.0.v20120725-1805'>
      <properties size='1'>
        <property name='download.size' value='909272'/>
      </properties>
    </artifact>
    <artifact classifier='osgi.bundle' id='org.eclipse.equinox.security.ui' version='1.1.200.v20130626-2037'>
      <properties size='1'>
        <property name='download.size' value='182158'/>
      </properties>
    </artifact>
    <artifact classifier='osgi.bundle' id='org.eclipse.osgi.services.nl_zh' version='4.4.0.v20140623020002'>
      <properties size='1'>
        <property name='download.size' value='1451'/>
      </properties>
    </artifact>
    <artifact classifier='org.eclipse.update.feature' id='org.eclipse.ecf.filetransfer.httpclient4.ssl.feature' version='1.0.0.v20140827-1444'>
      <properties size='1'>
        <property name='download.size' value='26725'/>
      </properties>
      <repositoryProperties size='1'>
        <property name='artifact.folder' value='true'/>
      </repositoryProperties>
    </artifact>
    <artifact classifier='osgi.bundle' id='org.eclipse.equinox.p2.operations' version='2.4.0.v20131119-0908'>
      <properties size='1'>
        <property name='download.size' value='75445'/>
      </properties>
    </artifact>
    <artifact classifier='osgi.bundle' id='org.eclipse.ui.intro.nl_zh' version='4.4.0.v20140623020002'>
      <properties size='1'>
        <property name='download.size' value='4007'/>
      </properties>
    </artifact>
    <artifact classifier='osgi.bundle' id='com.jrockit.mc.console.ui.notification.zh_CN' version='5.5.0.165303'>
      <properties size='1'>
        <property name='download.size' value='28756'/>
      </properties>
    </artifact>
    <artifact classifier='osgi.bundle' id='org.eclipse.ui.themes.nl_ja' version='4.4.0.v20140623020002'>
      <properties size='1'>
        <property name='download.size' value='1516'/>
      </properties>
    </artifact>
    <artifact classifier='osgi.bundle' id='org.sat4j.core' version='2.3.5.v201308161310'>
      <properties size='1'>
        <property name='download.size' value='363576'/>
      </properties>
    </artifact>
    <artifact classifier='osgi.bundle' id='org.eclipse.help.nl_ja' version='4.4.0.v20140623020002'>
      <properties size='1'>
        <property name='download.size' value='1534'/>
      </properties>
    </artifact>
    <artifact classifier='osgi.bundle' id='org.eclipse.e4.ui.di.nl_ja' version='4.4.0.v20140623020002'>
      <properties size='1'>
        <property name='download.size' value='1405'/>
      </properties>
    </artifact>
    <artifact classifier='osgi.bundle' id='org.eclipse.e4.ui.bindings.nl_zh' version='4.4.0.v20140623020002'>
      <properties size='1'>
        <property name='download.size' value='1420'/>
      </properties>
    </artifact>
    <artifact classifier='osgi.bundle' id='com.jrockit.mc.flightrecorder.controlpanel.ui.ja' version='5.5.0.165303'>
      <properties size='1'>
        <property name='download.size' value='8489'/>
      </properties>
    </artifact>
    <artifact classifier='osgi.bundle' id='org.sat4j.pb' version='2.3.5.v201404071733'>
      <properties size='1'>
        <property name='download.size' value='242556'/>
      </properties>
    </artifact>
    <artifact classifier='osgi.bundle' id='org.eclipse.core.runtime' version='3.10.0.v20140318-2214'>
      <properties size='1'>
        <property name='download.size' value='75007'/>
      </properties>
    </artifact>
    <artifact classifier='osgi.bundle' id='org.eclipse.jetty.servlet' version='8.1.14.v20131031'>
      <properties size='1'>
        <property name='download.size' value='109181'/>
      </properties>
    </artifact>
    <artifact classifier='osgi.bundle' id='org.eclipse.help.webapp' version='3.6.300.v20140407-1855'>
      <properties size='1'>
        <property name='download.size' value='612855'/>
      </properties>
    </artifact>
    <artifact classifier='osgi.bundle' id='org.apache.httpcomponents.httpclient' version='4.2.6.v201311072007'>
      <properties size='1'>
        <property name='download.size' value='627926'/>
      </properties>
    </artifact>
    <artifact classifier='osgi.bundle' id='org.eclipse.e4.ui.workbench.swt.nl_zh' version='4.4.0.v20140623020002'>
      <properties size='1'>
        <property name='download.size' value='3549'/>
      </properties>
    </artifact>
    <artifact classifier='osgi.bundle' id='org.eclipse.e4.ui.css.core.nl_ja' version='4.4.0.v20140623020002'>
      <properties size='1'>
        <property name='download.size' value='1477'/>
      </properties>
    </artifact>
    <artifact classifier='osgi.bundle' id='org.eclipse.ecf.ssl' version='1.1.0.v20140827-1444'>
      <properties size='1'>
        <property name='download.size' value='14555'/>
      </properties>
    </artifact>
    <artifact classifier='osgi.bundle' id='org.eclipse.help.base.nl_ja' version='4.4.0.v20140623020002'>
      <properties size='1'>
        <property name='download.size' value='4294'/>
      </properties>
    </artifact>
    <artifact classifier='osgi.bundle' id='org.eclipse.jface.text.nl_zh' version='4.4.0.v20140623020002'>
      <properties size='1'>
        <property name='download.size' value='12754'/>
      </properties>
    </artifact>
    <artifact classifier='osgi.bundle' id='org.eclipse.equinox.p2.jarprocessor.nl_zh' version='4.4.0.v20140623020002'>
      <properties size='1'>
        <property name='download.size' value='1387'/>
      </properties>
    </artifact>
    <artifact classifier='osgi.bundle' id='org.apache.felix.gogo.command' version='0.10.0.v201209301215'>
      <properties size='1'>
        <property name='download.size' value='57646'/>
      </properties>
    </artifact>
    <artifact classifier='osgi.bundle' id='org.eclipse.equinox.p2.ui.nl_ja' version='4.4.0.v20140623020002'>
      <properties size='1'>
        <property name='download.size' value='8038'/>
      </properties>
    </artifact>
    <artifact classifier='osgi.bundle' id='com.jrockit.mc.browser' version='5.5.0.165303'>
      <properties size='1'>
        <property name='download.size' value='205653'/>
      </properties>
    </artifact>
    <artifact classifier='osgi.bundle' id='org.eclipse.equinox.p2.jarprocessor.nl_ja' version='4.4.0.v20140623020002'>
      <properties size='1'>
        <property name='download.size' value='1373'/>
      </properties>
    </artifact>
    <artifact classifier='osgi.bundle' id='org.eclipse.e4.ui.workbench.nl_ja' version='4.4.0.v20140623020002'>
      <properties size='1'>
        <property name='download.size' value='1471'/>
      </properties>
    </artifact>
    <artifact classifier='osgi.bundle' id='org.eclipse.jface.nl_zh' version='4.4.0.v20140623020002'>
      <properties size='1'>
        <property name='download.size' value='5669'/>
      </properties>
    </artifact>
    <artifact classifier='osgi.bundle' id='org.apache.jasper.glassfish' version='2.2.2.v201205150955'>
      <properties size='1'>
        <property name='download.size' value='2383691'/>
      </properties>
    </artifact>
    <artifact classifier='osgi.bundle' id='javax.inject' version='1.0.0.v20091030'>
      <properties size='1'>
        <property name='download.size' value='12288'/>
      </properties>
    </artifact>
    <artifact classifier='osgi.bundle' id='org.eclipse.equinox.p2.jarprocessor' version='1.0.300.v20131211-1531'>
      <properties size='1'>
        <property name='download.size' value='68515'/>
      </properties>
    </artifact>
    <artifact classifier='osgi.bundle' id='com.jrockit.mc.console.ui.mbeanbrowser.zh_CN' version='5.5.0.165303'>
      <properties size='1'>
        <property name='download.size' value='30084'/>
      </properties>
    </artifact>
    <artifact classifier='osgi.bundle' id='org.eclipse.ecf.provider.filetransfer' version='3.2.200.v20140827-1444'>
      <properties size='1'>
        <property name='download.size' value='127891'/>
      </properties>
    </artifact>
    <artifact classifier='osgi.bundle' id='org.eclipse.equinox.p2.ql.nl_ja' version='4.4.0.v20140623020002'>
      <properties size='1'>
        <property name='download.size' value='1368'/>
      </properties>
    </artifact>
    <artifact classifier='osgi.bundle' id='org.eclipse.ui.workbench.nl_ja' version='4.4.0.v20140623020002'>
      <properties size='1'>
        <property name='download.size' value='33444'/>
      </properties>
    </artifact>
    <artifact classifier='osgi.bundle' id='org.eclipse.jface.databinding.nl_zh' version='4.4.0.v20140623020002'>
      <properties size='1'>
        <property name='download.size' value='1449'/>
      </properties>
    </artifact>
    <artifact classifier='osgi.bundle' id='org.eclipse.core.databinding.property.nl_zh' version='4.4.0.v20140623020002'>
      <properties size='1'>
        <property name='download.size' value='1437'/>
      </properties>
    </artifact>
    <artifact classifier='osgi.bundle' id='org.eclipse.equinox.p2.extensionlocation' version='1.2.100.v20131119-0908'>
      <properties size='1'>
        <property name='download.size' value='35182'/>
      </properties>
    </artifact>
    <artifact classifier='osgi.bundle' id='org.eclipse.equinox.p2.updatechecker.nl_ja' version='4.4.0.v20140623020002'>
      <properties size='1'>
        <property name='download.size' value='1375'/>
      </properties>
    </artifact>
    <artifact classifier='osgi.bundle' id='com.jrockit.mc.console.historicaldata.ja' version='5.5.0.165303'>
      <properties size='1'>
        <property name='download.size' value='36685'/>
      </properties>
    </artifact>
    <artifact classifier='osgi.bundle' id='com.jrockit.mc.browser.jdp' version='5.5.0.165303'>
      <properties size='1'>
        <property name='download.size' value='12081'/>
      </properties>
    </artifact>
    <artifact classifier='osgi.bundle' id='org.eclipse.ui.views.nl_ja' version='4.4.0.v20140623020002'>
      <properties size='1'>
        <property name='download.size' value='3445'/>
      </properties>
    </artifact>
    <artifact classifier='osgi.bundle' id='org.eclipse.equinox.p2.touchpoint.eclipse.nl_zh' version='4.4.0.v20140623020002'>
      <properties size='1'>
        <property name='download.size' value='3952'/>
      </properties>
    </artifact>
    <artifact classifier='osgi.bundle' id='com.jrockit.mc.docs' version='5.5.0.165303'>
      <properties size='1'>
        <property name='download.size' value='61033'/>
      </properties>
    </artifact>
    <artifact classifier='osgi.bundle' id='org.eclipse.core.expressions' version='3.4.600.v20140128-0851'>
      <properties size='1'>
        <property name='download.size' value='88554'/>
      </properties>
    </artifact>
    <artifact classifier='osgi.bundle' id='org.apache.batik.css' version='1.7.0.v201011041433'>
      <properties size='1'>
        <property name='download.size' value='343722'/>
      </properties>
    </artifact>
    <artifact classifier='osgi.bundle' id='com.jrockit.mc.rjmx.ja' version='5.5.0.165303'>
      <properties size='1'>
        <property name='download.size' value='8294'/>
      </properties>
    </artifact>
    <artifact classifier='osgi.bundle' id='org.eclipse.e4.ui.widgets.nl_zh' version='4.4.0.v20140623020002'>
      <properties size='1'>
        <property name='download.size' value='1434'/>
      </properties>
    </artifact>
    <artifact classifier='osgi.bundle' id='org.eclipse.equinox.p2.metadata.nl_zh' version='4.4.0.v20140623020002'>
      <properties size='1'>
        <property name='download.size' value='1381'/>
      </properties>
    </artifact>
    <artifact classifier='org.eclipse.update.feature' id='org.eclipse.ecf.filetransfer.ssl.feature' version='1.0.0.v20140827-1444'>
      <properties size='1'>
        <property name='download.size' value='22683'/>
      </properties>
      <repositoryProperties size='1'>
        <property name='artifact.folder' value='true'/>
      </repositoryProperties>
    </artifact>
    <artifact classifier='osgi.bundle' id='org.eclipse.e4.ui.widgets.nl_ja' version='4.4.0.v20140623020002'>
      <properties size='1'>
        <property name='download.size' value='1368'/>
      </properties>
    </artifact>
    <artifact classifier='osgi.bundle' id='org.eclipse.emf.ecore' version='2.10.1.v20140901-1043'>
      <properties size='1'>
        <property name='download.size' value='1189432'/>
      </properties>
    </artifact>
    <artifact classifier='osgi.bundle' id='org.eclipse.osgi' version='3.10.1.v20140909-1633'>
      <properties size='1'>
        <property name='download.size' value='1263643'/>
      </properties>
    </artifact>
    <artifact classifier='osgi.bundle' id='org.eclipse.ui.views.nl_zh' version='4.4.0.v20140623020002'>
      <properties size='1'>
        <property name='download.size' value='3342'/>
      </properties>
    </artifact>
    <artifact classifier='osgi.bundle' id='com.jrockit.mc.rcp.intro' version='5.5.0.165303'>
      <properties size='1'>
        <property name='download.size' value='91655'/>
      </properties>
    </artifact>
    <artifact classifier='osgi.bundle' id='com.jrockit.mc.browser.attach.ja' version='5.5.0.165303'>
      <properties size='1'>
        <property name='download.size' value='4125'/>
      </properties>
    </artifact>
    <artifact classifier='osgi.bundle' id='org.eclipse.core.net.nl_ja' version='4.4.0.v20140623020002'>
      <properties size='1'>
        <property name='download.size' value='2310'/>
      </properties>
    </artifact>
    <artifact classifier='osgi.bundle' id='org.eclipse.e4.ui.bindings' version='0.10.200.v20140424-2042'>
      <properties size='1'>
        <property name='download.size' value='49487'/>
      </properties>
    </artifact>
    <artifact classifier='osgi.bundle' id='org.eclipse.e4.ui.css.core' version='0.10.100.v20140424-2042'>
      <properties size='1'>
        <property name='download.size' value='207317'/>
      </properties>
    </artifact>
    <artifact classifier='osgi.bundle' id='org.eclipse.equinox.p2.garbagecollector.nl_ja' version='4.4.0.v20140623020002'>
      <properties size='1'>
        <property name='download.size' value='2516'/>
      </properties>
    </artifact>
    <artifact classifier='osgi.bundle' id='org.eclipse.e4.core.commands' version='0.10.2.v20140424-2344'>
      <properties size='1'>
        <property name='download.size' value='25433'/>
      </properties>
    </artifact>
    <artifact classifier='osgi.bundle' id='org.eclipse.core.commands' version='3.6.100.v20140528-1422'>
      <properties size='1'>
        <property name='download.size' value='109011'/>
      </properties>
    </artifact>
    <artifact classifier='osgi.bundle' id='org.eclipse.equinox.p2.transport.ecf' version='1.1.0.v20140408-1354'>
      <properties size='1'>
        <property name='download.size' value='41443'/>
      </properties>
    </artifact>
    <artifact classifier='osgi.bundle' id='org.eclipse.help.ui.nl_zh' version='4.4.0.v20140623020002'>
      <properties size='1'>
        <property name='download.size' value='5899'/>
      </properties>
    </artifact>
    <artifact classifier='osgi.bundle' id='org.eclipse.equinox.p2.console.nl_zh' version='4.4.0.v20140623020002'>
      <properties size='1'>
        <property name='download.size' value='2437'/>
      </properties>
    </artifact>
    <artifact classifier='osgi.bundle' id='org.eclipse.equinox.registry' version='3.5.400.v20140428-1507'>
      <properties size='1'>
        <property name='download.size' value='183277'/>
      </properties>
    </artifact>
    <artifact classifier='osgi.bundle' id='org.eclipse.core.net.nl_zh' version='4.4.0.v20140623020002'>
      <properties size='1'>
        <property name='download.size' value='2315'/>
      </properties>
    </artifact>
    <artifact classifier='osgi.bundle' id='org.eclipse.equinox.launcher' version='1.3.0.v20140415-2008'>
      <properties size='1'>
        <property name='download.size' value='50038'/>
      </properties>
    </artifact>
    <artifact classifier='osgi.bundle' id='org.eclipse.e4.ui.model.workbench.nl_zh' version='4.4.0.v20140623020002'>
      <properties size='1'>
        <property name='download.size' value='1491'/>
      </properties>
    </artifact>
    <artifact classifier='osgi.bundle' id='org.eclipse.swt' version='3.103.1.v20140903-1938'>
      <properties size='1'>
        <property name='download.size' value='18439'/>
      </properties>
    </artifact>
    <artifact classifier='osgi.bundle' id='com.jrockit.mc.rcp.intro.ja' version='5.5.0.165303'>
      <properties size='1'>
        <property name='download.size' value='3818'/>
      </properties>
    </artifact>
    <artifact classifier='osgi.bundle' id='org.eclipse.ui.net.nl_ja' version='4.4.0.v20140623020002'>
      <properties size='1'>
        <property name='download.size' value='2992'/>
      </properties>
    </artifact>
    <artifact classifier='osgi.bundle' id='org.eclipse.e4.ui.css.core.nl_zh' version='4.4.0.v20140623020002'>
      <properties size='1'>
        <property name='download.size' value='1478'/>
      </properties>
    </artifact>
    <artifact classifier='osgi.bundle' id='org.eclipse.equinox.p2.engine' version='2.3.0.v20140506-1720'>
      <properties size='1'>
        <property name='download.size' value='204142'/>
      </properties>
    </artifact>
    <artifact classifier='org.eclipse.update.feature' id='com.jrockit.mc.feature.console' version='5.5.0.165303'>
      <properties size='1'>
        <property name='download.size' value='7038'/>
      </properties>
      <repositoryProperties size='1'>
        <property name='artifact.folder' value='true'/>
      </repositoryProperties>
    </artifact>
    <artifact classifier='osgi.bundle' id='org.eclipse.e4.ui.di' version='1.0.0.v20140328-2112'>
      <properties size='1'>
        <property name='download.size' value='15705'/>
      </properties>
    </artifact>
    <artifact classifier='osgi.bundle' id='org.eclipse.equinox.security' version='1.2.0.v20130424-1801'>
      <properties size='1'>
        <property name='download.size' value='106935'/>
      </properties>
    </artifact>
    <artifact classifier='osgi.bundle' id='com.jrockit.mc.components.ui.zh_CN' version='5.5.0.165303'>
      <properties size='1'>
        <property name='download.size' value='5449'/>
      </properties>
    </artifact>
    <artifact classifier='osgi.bundle' id='org.eclipse.equinox.p2.operations.nl_ja' version='4.4.0.v20140623020002'>
      <properties size='1'>
        <property name='download.size' value='3772'/>
      </properties>
    </artifact>
    <artifact classifier='osgi.bundle' id='com.jrockit.mc.console.ui.zh_CN' version='5.5.0.165303'>
      <properties size='1'>
        <property name='download.size' value='55687'/>
      </properties>
    </artifact>
    <artifact classifier='osgi.bundle' id='com.jrockit.mc.core' version='5.5.0.165303'>
      <properties size='1'>
        <property name='download.size' value='64142'/>
      </properties>
    </artifact>
    <artifact classifier='osgi.bundle' id='com.jrockit.mc.rjmx' version='5.5.0.165303'>
      <properties size='1'>
        <property name='download.size' value='1064532'/>
      </properties>
      <repositoryProperties size='1'>
        <property name='artifact.folder' value='true'/>
      </repositoryProperties>
    </artifact>
    <artifact classifier='osgi.bundle' id='org.w3c.dom.svg' version='1.1.0.v201011041433'>
      <properties size='1'>
        <property name='download.size' value='87897'/>
      </properties>
    </artifact>
    <artifact classifier='osgi.bundle' id='org.eclipse.equinox.p2.ql.nl_zh' version='4.4.0.v20140623020002'>
      <properties size='1'>
        <property name='download.size' value='1378'/>
      </properties>
    </artifact>
    <artifact classifier='osgi.bundle' id='org.eclipse.core.databinding.observable.nl_zh' version='4.4.0.v20140623020002'>
      <properties size='1'>
        <property name='download.size' value='1436'/>
      </properties>
    </artifact>
    <artifact classifier='osgi.bundle' id='org.apache.felix.gogo.shell' version='0.10.0.v201212101605'>
      <properties size='1'>
        <property name='download.size' value='60827'/>
      </properties>
    </artifact>
    <artifact classifier='osgi.bundle' id='org.eclipse.e4.ui.model.workbench' version='1.1.0.v20140512-1820'>
      <properties size='1'>
        <property name='download.size' value='375471'/>
      </properties>
    </artifact>
    <artifact classifier='osgi.bundle' id='org.eclipse.equinox.p2.directorywatcher' version='1.1.0.v20131211-1531'>
      <properties size='1'>
        <property name='download.size' value='33003'/>
      </properties>
    </artifact>
    <artifact classifier='osgi.bundle' id='org.eclipse.e4.ui.css.swt' version='0.11.101.v20140818-1343'>
      <properties size='1'>
        <property name='download.size' value='198366'/>
      </properties>
    </artifact>
    <artifact classifier='osgi.bundle' id='org.eclipse.equinox.p2.director.app' version='1.0.300.v20140228-1829'>
      <properties size='1'>
        <property name='download.size' value='51968'/>
      </properties>
    </artifact>
    <artifact classifier='osgi.bundle' id='org.eclipse.ui.workbench' version='3.106.1.v20140827-1737'>
      <properties size='1'>
        <property name='download.size' value='4010154'/>
      </properties>
    </artifact>
    <artifact classifier='osgi.bundle' id='org.eclipse.equinox.p2.core' version='2.3.0.v20131211-1531'>
      <properties size='1'>
        <property name='download.size' value='70958'/>
      </properties>
    </artifact>
    <artifact classifier='osgi.bundle' id='org.eclipse.equinox.p2.ui.sdk.scheduler.nl_zh' version='4.4.0.v20140623020002'>
      <properties size='1'>
        <property name='download.size' value='4627'/>
      </properties>
    </artifact>
    <artifact classifier='osgi.bundle' id='com.jrockit.mc.ui' version='5.5.0.165303'>
      <properties size='1'>
        <property name='download.size' value='792341'/>
      </properties>
    </artifact>
    <artifact classifier='osgi.bundle' id='com.jrockit.mc.console.ui.mbeanbrowser.ja' version='5.5.0.165303'>
      <properties size='1'>
        <property name='download.size' value='32600'/>
      </properties>
    </artifact>
    <artifact classifier='osgi.bundle' id='org.eclipse.equinox.p2.extensionlocation.nl_zh' version='4.4.0.v20140623020002'>
      <properties size='1'>
        <property name='download.size' value='1388'/>
      </properties>
    </artifact>
    <artifact classifier='osgi.bundle' id='com.jrockit.mc.components.ui' version='5.5.0.165303'>
      <properties size='1'>
        <property name='download.size' value='419341'/>
      </properties>
    </artifact>
    <artifact classifier='osgi.bundle' id='org.eclipse.e4.ui.workbench.swt.nl_ja' version='4.4.0.v20140623020002'>
      <properties size='1'>
        <property name='download.size' value='3644'/>
      </properties>
    </artifact>
    <artifact classifier='osgi.bundle' id='org.eclipse.osgi.services.nl_ja' version='4.4.0.v20140623020002'>
      <properties size='1'>
        <property name='download.size' value='1357'/>
      </properties>
    </artifact>
    <artifact classifier='osgi.bundle' id='org.eclipse.equinox.p2.core.nl_ja' version='4.4.0.v20140623020002'>
      <properties size='1'>
        <property name='download.size' value='2773'/>
      </properties>
    </artifact>
    <artifact classifier='osgi.bundle' id='org.eclipse.equinox.p2.touchpoint.natives' version='1.1.100.v20140523-0116'>
      <properties size='1'>
        <property name='download.size' value='53707'/>
      </properties>
    </artifact>
    <artifact classifier='osgi.bundle' id='org.eclipse.equinox.p2.metadata' version='2.2.0.v20131211-1531'>
      <properties size='1'>
        <property name='download.size' value='337560'/>
      </properties>
    </artifact>
    <artifact classifier='osgi.bundle' id='org.eclipse.e4.ui.workbench' version='1.2.1.v20140901-1244'>
      <properties size='1'>
        <property name='download.size' value='282455'/>
      </properties>
    </artifact>
    <artifact classifier='osgi.bundle' id='com.jrockit.mc.greychartplugin' version='5.5.0.165303'>
      <properties size='1'>
        <property name='download.size' value='134404'/>
      </properties>
    </artifact>
    <artifact classifier='osgi.bundle' id='com.jrockit.mc.console.historicaldata' version='5.5.0.165303'>
      <properties size='1'>
        <property name='download.size' value='74664'/>
      </properties>
    </artifact>
    <artifact classifier='osgi.bundle' id='com.jrockit.mc.browser.jdp.ja' version='5.5.0.165303'>
      <properties size='1'>
        <property name='download.size' value='2541'/>
      </properties>
    </artifact>
    <artifact classifier='osgi.bundle' id='com.jrockit.mc.console.ui.diagnostic' version='5.5.0.165303'>
      <properties size='1'>
        <property name='download.size' value='57604'/>
      </properties>
    </artifact>
    <artifact classifier='osgi.bundle' id='org.eclipse.e4.ui.css.swt.nl_ja' version='4.4.0.v20140623020002'>
      <properties size='1'>
        <property name='download.size' value='1401'/>
      </properties>
    </artifact>
    <artifact classifier='osgi.bundle' id='com.jrockit.mc.rjmx.zh_CN' version='5.5.0.165303'>
      <properties size='1'>
        <property name='download.size' value='7918'/>
      </properties>
    </artifact>
    <artifact classifier='osgi.bundle' id='org.eclipse.equinox.p2.ui.sdk.nl_zh' version='4.4.0.v20140623020002'>
      <properties size='1'>
        <property name='download.size' value='3022'/>
      </properties>
    </artifact>
    <artifact classifier='osgi.bundle' id='org.eclipse.equinox.p2.operations.nl_zh' version='4.4.0.v20140623020002'>
      <properties size='1'>
        <property name='download.size' value='2900'/>
      </properties>
    </artifact>
    <artifact classifier='osgi.bundle' id='org.eclipse.help.ui' version='4.0.100.v20140401-0608'>
      <properties size='1'>
        <property name='download.size' value='498234'/>
      </properties>
    </artifact>
    <artifact classifier='osgi.bundle' id='org.eclipse.core.databinding.property.nl_ja' version='4.4.0.v20140623020002'>
      <properties size='1'>
        <property name='download.size' value='1376'/>
      </properties>
    </artifact>
    <artifact classifier='osgi.bundle' id='javax.xml' version='1.3.4.v201005080400'>
      <properties size='1'>
        <property name='download.size' value='237996'/>
      </properties>
    </artifact>
    <artifact classifier='osgi.bundle' id='org.eclipse.equinox.p2.metadata.nl_ja' version='4.4.0.v20140623020002'>
      <properties size='1'>
        <property name='download.size' value='2906'/>
      </properties>
    </artifact>
    <artifact classifier='osgi.bundle' id='org.eclipse.jface.text.nl_ja' version='4.4.0.v20140623020002'>
      <properties size='1'>
        <property name='download.size' value='13305'/>
      </properties>
    </artifact>
    <artifact classifier='osgi.bundle' id='org.eclipse.equinox.p2.artifact.repository.nl_ja' version='4.4.0.v20140623020002'>
      <properties size='1'>
        <property name='download.size' value='7159'/>
      </properties>
    </artifact>
    <artifact classifier='osgi.bundle' id='com.jrockit.mc.jdp' version='5.5.0.165303'>
      <properties size='1'>
        <property name='download.size' value='20644'/>
      </properties>
    </artifact>
    <artifact classifier='osgi.bundle' id='org.eclipse.equinox.http.registry' version='1.1.300.v20130402-1529'>
      <properties size='1'>
        <property name='download.size' value='45081'/>
      </properties>
    </artifact>
    <artifact classifier='osgi.bundle' id='org.eclipse.equinox.console' version='1.1.0.v20140131-1639'>
      <properties size='1'>
        <property name='download.size' value='118444'/>
      </properties>
    </artifact>
    <artifact classifier='osgi.bundle' id='org.eclipse.update.configurator' version='3.3.300.v20140518-1928'>
      <properties size='1'>
        <property name='download.size' value='100852'/>
      </properties>
    </artifact>
    <artifact classifier='osgi.bundle' id='com.jrockit.mc.rcp.intro.zh_CN' version='5.5.0.165303'>
      <properties size='1'>
        <property name='download.size' value='3732'/>
      </properties>
    </artifact>
    <artifact classifier='osgi.bundle' id='org.eclipse.equinox.p2.console' version='1.0.300.v20131113-1212'>
      <properties size='1'>
        <property name='download.size' value='27573'/>
      </properties>
    </artifact>
    <artifact classifier='osgi.bundle' id='org.eclipse.core.databinding.nl_ja' version='4.4.0.v20140623020002'>
      <properties size='1'>
        <property name='download.size' value='2880'/>
      </properties>
    </artifact>
    <artifact classifier='org.eclipse.update.feature' id='com.jrockit.mc.feature.core' version='5.5.0.165303'>
      <properties size='1'>
        <property name='download.size' value='7143'/>
      </properties>
      <repositoryProperties size='1'>
        <property name='artifact.folder' value='true'/>
      </repositoryProperties>
    </artifact>
    <artifact classifier='osgi.bundle' id='org.eclipse.ui.nl_ja' version='4.4.0.v20140623020002'>
      <properties size='1'>
        <property name='download.size' value='6519'/>
      </properties>
    </artifact>
    <artifact classifier='osgi.bundle' id='com.jrockit.mc.rcp.application.ja' version='5.5.0.165303'>
      <properties size='1'>
        <property name='download.size' value='5078'/>
      </properties>
    </artifact>
    <artifact classifier='org.eclipse.update.feature' id='org.eclipse.ecf.filetransfer.feature' version='3.9.0.v20140827-1444'>
      <properties size='1'>
        <property name='download.size' value='26819'/>
      </properties>
      <repositoryProperties size='1'>
        <property name='artifact.folder' value='true'/>
      </repositoryProperties>
    </artifact>
    <artifact classifier='osgi.bundle' id='org.eclipse.equinox.p2.updatechecker.nl_zh' version='4.4.0.v20140623020002'>
      <properties size='1'>
        <property name='download.size' value='1384'/>
      </properties>
    </artifact>
    <artifact classifier='org.eclipse.update.feature' id='org.eclipse.babel.nls_eclipse_zh' version='4.4.0.v20140623020002'>
      <properties size='1'>
        <property name='download.size' value='28281'/>
      </properties>
      <repositoryProperties size='1'>
        <property name='artifact.folder' value='true'/>
      </repositoryProperties>
    </artifact>
    <artifact classifier='osgi.bundle' id='org.eclipse.equinox.p2.reconciler.dropins.nl_zh' version='4.4.0.v20140623020002'>
      <properties size='1'>
        <property name='download.size' value='2989'/>
      </properties>
    </artifact>
    <artifact classifier='osgi.bundle' id='org.eclipse.osgi.services' version='3.4.0.v20140312-2051'>
      <properties size='1'>
        <property name='download.size' value='90380'/>
      </properties>
    </artifact>
    <artifact classifier='osgi.bundle' id='org.eclipse.osgi.nl_zh' version='4.4.0.v20140623020002'>
      <properties size='1'>
        <property name='download.size' value='6223'/>
      </properties>
    </artifact>
    <artifact classifier='osgi.bundle' id='org.eclipse.equinox.simpleconfigurator' version='1.1.0.v20131217-1203'>
      <properties size='1'>
        <property name='download.size' value='43207'/>
      </properties>
    </artifact>
    <artifact classifier='osgi.bundle' id='org.eclipse.ui.forms' version='3.6.100.v20140422-1825'>
      <properties size='1'>
        <property name='download.size' value='302157'/>
      </properties>
    </artifact>
    <artifact classifier='osgi.bundle' id='org.eclipse.swt.nl_ja' version='4.4.0.v20140623020002'>
      <properties size='1'>
        <property name='download.size' value='3559'/>
      </properties>
    </artifact>
    <artifact classifier='osgi.bundle' id='org.eclipse.equinox.p2.publisher.nl_zh' version='4.4.0.v20140623020002'>
      <properties size='1'>
        <property name='download.size' value='2476'/>
      </properties>
    </artifact>
    <artifact classifier='osgi.bundle' id='com.jrockit.mc.console.ui.notification' version='5.5.0.165303'>
      <properties size='1'>
        <property name='download.size' value='183466'/>
      </properties>
      <repositoryProperties size='1'>
        <property name='artifact.folder' value='true'/>
      </repositoryProperties>
    </artifact>
    <artifact classifier='osgi.bundle' id='com.jrockit.mc.browser.attach.zh_CN' version='5.5.0.165303'>
      <properties size='1'>
        <property name='download.size' value='3901'/>
      </properties>
    </artifact>
    <artifact classifier='osgi.bundle' id='com.jrockit.mc.flightrecorder.configuration' version='5.5.0.165303'>
      <properties size='1'>
        <property name='download.size' value='3397'/>
      </properties>
    </artifact>
    <artifact classifier='osgi.bundle' id='org.eclipse.equinox.p2.director.nl_zh' version='4.4.0.v20140623020002'>
      <properties size='1'>
        <property name='download.size' value='2440'/>
      </properties>
    </artifact>
    <artifact classifier='osgi.bundle' id='org.apache.commons.logging' version='1.1.1.v201101211721'>
      <properties size='1'>
        <property name='download.size' value='68107'/>
      </properties>
    </artifact>
    <artifact classifier='osgi.bundle' id='org.eclipse.e4.ui.workbench.nl_zh' version='4.4.0.v20140623020002'>
      <properties size='1'>
        <property name='download.size' value='1450'/>
      </properties>
    </artifact>
    <artifact classifier='osgi.bundle' id='org.eclipse.text.nl_ja' version='4.4.0.v20140623020002'>
      <properties size='1'>
        <property name='download.size' value='4601'/>
      </properties>
    </artifact>
    <artifact classifier='osgi.bundle' id='org.eclipse.core.net' version='1.2.200.v20140124-2013'>
      <properties size='1'>
        <property name='download.size' value='70218'/>
      </properties>
    </artifact>
    <artifact classifier='osgi.bundle' id='org.apache.lucene.core' version='3.5.0.v20120725-1805'>
      <properties size='1'>
        <property name='download.size' value='1550773'/>
      </properties>
    </artifact>
    <artifact classifier='osgi.bundle' id='com.jrockit.mc.browser.attach' version='5.5.0.165303'>
      <properties size='1'>
        <property name='download.size' value='56174'/>
      </properties>
    </artifact>
    <artifact classifier='osgi.bundle' id='org.eclipse.equinox.concurrent' version='1.1.0.v20130327-1442'>
      <properties size='1'>
        <property name='download.size' value='25385'/>
      </properties>
    </artifact>
    <artifact classifier='osgi.bundle' id='org.eclipse.help.ui.nl_ja' version='4.4.0.v20140623020002'>
      <properties size='1'>
        <property name='download.size' value='6858'/>
      </properties>
    </artifact>
    <artifact classifier='osgi.bundle' id='com.jrockit.mc.flightrecorder.controlpanel.ui.configuration' version='5.5.0.165303'>
      <properties size='1'>
        <property name='download.size' value='130787'/>
      </properties>
    </artifact>
    <artifact classifier='osgi.bundle' id='org.eclipse.equinox.common' version='3.6.200.v20130402-1505'>
      <properties size='1'>
        <property name='download.size' value='106521'/>
      </properties>
    </artifact>
    <artifact classifier='osgi.bundle' id='org.eclipse.emf.common' version='2.10.1.v20140901-1043'>
      <properties size='1'>
        <property name='download.size' value='353692'/>
      </properties>
    </artifact>
    <artifact classifier='osgi.bundle' id='org.eclipse.core.contenttype' version='3.4.200.v20140207-1251'>
      <properties size='1'>
        <property name='download.size' value='93804'/>
      </properties>
    </artifact>
    <artifact classifier='osgi.bundle' id='org.eclipse.swt.gtk.linux.x86_64.nl_zh' version='4.4.0.v20140623020002'>
      <properties size='1'>
        <property name='download.size' value='1439'/>
      </properties>
    </artifact>
    <artifact classifier='osgi.bundle' id='com.jrockit.mc.docs.ja' version='5.5.0.165303'>
      <properties size='1'>
        <property name='download.size' value='47868'/>
      </properties>
    </artifact>
    <artifact classifier='osgi.bundle' id='com.jrockit.mc.attach' version='5.5.0.165303'>
      <properties size='1'>
        <property name='download.size' value='2521'/>
      </properties>
    </artifact>
    <artifact classifier='osgi.bundle' id='org.eclipse.e4.ui.widgets' version='1.0.0.v20140514-1823'>
      <properties size='1'>
        <property name='download.size' value='14458'/>
      </properties>
    </artifact>
    <artifact classifier='osgi.bundle' id='org.eclipse.ui.views' version='3.7.0.v20140408-0703'>
      <properties size='1'>
        <property name='download.size' value='97131'/>
      </properties>
    </artifact>
    <artifact classifier='osgi.bundle' id='org.eclipse.equinox.p2.director' version='2.3.100.v20140224-1921'>
      <properties size='1'>
        <property name='download.size' value='102654'/>
      </properties>
    </artifact>
    <artifact classifier='osgi.bundle' id='com.jrockit.mc.flightrecorder' version='5.5.0.165303'>
      <properties size='1'>
        <property name='download.size' value='210881'/>
      </properties>
    </artifact>
    <artifact classifier='org.eclipse.update.feature' id='org.eclipse.e4.rcp' version='1.3.100.v20141007-2033'>
      <properties size='1'>
        <property name='download.size' value='14199'/>
      </properties>
      <repositoryProperties size='1'>
        <property name='artifact.folder' value='true'/>
      </repositoryProperties>
    </artifact>
    <artifact classifier='osgi.bundle' id='org.eclipse.equinox.app' version='1.3.200.v20130910-1609'>
      <properties size='1'>
        <property name='download.size' value='86047'/>
      </properties>
    </artifact>
    <artifact classifier='osgi.bundle' id='org.eclipse.ui.themes.nl_zh' version='4.4.0.v20140623020002'>
      <properties size='1'>
        <property name='download.size' value='1387'/>
      </properties>
    </artifact>
    <artifact classifier='osgi.bundle' id='com.jrockit.mc.alert.ja' version='5.5.0.165303'>
      <properties size='1'>
        <property name='download.size' value='2596'/>
      </properties>
    </artifact>
    <artifact classifier='osgi.bundle' id='com.jrockit.mc.commands' version='5.5.0.165303'>
      <properties size='1'>
        <property name='download.size' value='35475'/>
      </properties>
    </artifact>
    <artifact classifier='osgi.bundle' id='org.eclipse.e4.ui.model.workbench.nl_ja' version='4.4.0.v20140623020002'>
      <properties size='1'>
        <property name='download.size' value='1483'/>
      </properties>
    </artifact>
    <artifact classifier='osgi.bundle' id='org.eclipse.ecf.identity' version='3.4.0.v20140827-1444'>
      <properties size='1'>
        <property name='download.size' value='60441'/>
      </properties>
    </artifact>
    <artifact classifier='osgi.bundle' id='org.eclipse.equinox.p2.directorywatcher.nl_ja' version='4.4.0.v20140623020002'>
      <properties size='1'>
        <property name='download.size' value='3046'/>
      </properties>
    </artifact>
    <artifact classifier='osgi.bundle' id='org.eclipse.equinox.preferences' version='3.5.200.v20140224-1527'>
      <properties size='1'>
        <property name='download.size' value='126927'/>
      </properties>
    </artifact>
    <artifact classifier='osgi.bundle' id='org.eclipse.equinox.p2.ui.nl_zh' version='4.4.0.v20140623020002'>
      <properties size='1'>
        <property name='download.size' value='4529'/>
      </properties>
    </artifact>
    <artifact classifier='osgi.bundle' id='javax.el' version='2.2.0.v201303151357'>
      <properties size='1'>
        <property name='download.size' value='56002'/>
      </properties>
    </artifact>
    <artifact classifier='osgi.bundle' id='org.eclipse.ecf.provider.filetransfer.httpclient4.ssl' version='1.0.0.v20140827-1444'>
      <properties size='1'>
        <property name='download.size' value='13794'/>
      </properties>
    </artifact>
    <artifact classifier='osgi.bundle' id='org.eclipse.ui.intro.nl_ja' version='4.4.0.v20140623020002'>
      <properties size='1'>
        <property name='download.size' value='4050'/>
      </properties>
    </artifact>
    <artifact classifier='org.eclipse.update.feature' id='org.eclipse.ecf.core.feature' version='1.1.0.v20140827-1444'>
      <properties size='1'>
        <property name='download.size' value='18569'/>
      </properties>
      <repositoryProperties size='1'>
        <property name='artifact.folder' value='true'/>
      </repositoryProperties>
    </artifact>
    <artifact classifier='osgi.bundle' id='org.eclipse.equinox.http.jetty' version='3.0.200.v20131021-1843'>
      <properties size='1'>
        <property name='download.size' value='25028'/>
      </properties>
    </artifact>
    <artifact classifier='osgi.bundle' id='com.jrockit.mc.console.historicaldata.zh_CN' version='5.5.0.165303'>
      <properties size='1'>
        <property name='download.size' value='33937'/>
      </properties>
    </artifact>
    <artifact classifier='osgi.bundle' id='org.eclipse.equinox.p2.artifact.repository' version='1.1.300.v20131211-1531'>
      <properties size='1'>
        <property name='download.size' value='135460'/>
      </properties>
    </artifact>
    <artifact classifier='osgi.bundle' id='com.jrockit.mc.browser.ja' version='5.5.0.165303'>
      <properties size='1'>
        <property name='download.size' value='35555'/>
      </properties>
    </artifact>
    <artifact classifier='osgi.bundle' id='org.eclipse.equinox.p2.ui.sdk' version='1.0.300.v20140407-1803'>
      <properties size='1'>
        <property name='download.size' value='48042'/>
      </properties>
    </artifact>
    <artifact classifier='org.eclipse.update.feature' id='com.jrockit.mc.rcp.product' version='5.5.0.165303'>
      <properties size='1'>
        <property name='download.size' value='6885'/>
      </properties>
      <repositoryProperties size='1'>
        <property name='artifact.folder' value='true'/>
      </repositoryProperties>
    </artifact>
    <artifact classifier='osgi.bundle' id='org.eclipse.core.net.linux.x86_64.nl_zh' version='4.4.0.v20140623020002'>
      <properties size='1'>
        <property name='download.size' value='1483'/>
      </properties>
    </artifact>
    <artifact classifier='osgi.bundle' id='org.eclipse.equinox.p2.publisher.eclipse.nl_ja' version='4.4.0.v20140623020002'>
      <properties size='1'>
        <property name='download.size' value='3721'/>
      </properties>
    </artifact>
    <artifact classifier='osgi.bundle' id='org.eclipse.equinox.frameworkadmin' version='2.0.100.v20131209-2144'>
      <properties size='1'>
        <property name='download.size' value='36337'/>
      </properties>
    </artifact>
    <artifact classifier='osgi.bundle' id='org.eclipse.help.base' version='4.0.200.v20141007-2301'>
      <properties size='1'>
        <property name='download.size' value='389576'/>
      </properties>
    </artifact>
  </artifacts>
</repository>
