<?xml version='1.0' encoding='UTF-8'?>
<?artifactRepository version='1.1.0'?>
<repository name='download cache' type='org.eclipse.equinox.p2.artifact.repository.simpleRepository' version='1.0.0'>
  <properties size='2'>
    <property name='p2.system' value='true'/>
    <property name='p2.timestamp' value='1423863002608'/>
  </properties>
  <mappings size='3'>
    <rule filter='(&amp; (classifier=osgi.bundle))' output='${repoUrl}/plugins/${id}_${version}.jar'/>
    <rule filter='(&amp; (classifier=binary))' output='${repoUrl}/binary/${id}_${version}'/>
    <rule filter='(&amp; (classifier=org.eclipse.update.feature))' output='${repoUrl}/features/${id}_${version}.jar'/>
  </mappings>
  <artifacts size='3'>
    <artifact classifier='binary' id='org.eclipse.rcp_root' version='4.4.0.v20141007-2301'>
      <properties size='1'>
        <property name='download.size' value='36789'/>
      </properties>
    </artifact>
    <artifact classifier='binary' id='com.jrockit.mc.rcp.product_root' version='5.5.0.165303'>
      <properties size='1'>
        <property name='download.size' value='3907264'/>
      </properties>
    </artifact>
    <artifact classifier='binary' id='com.oracle.jmc.executable.gtk.linux.x86_64' version='5.5.0'>
      <properties size='1'>
        <property name='download.size' value='44316'/>
      </properties>
    </artifact>
  </artifacts>
</repository>
