<?xml version="1.0" encoding="UTF-8"?>
<feature
      id="com.jrockit.mc.feature.console"
      label="%name"
      version="5.5.0.165303"
      provider-name="%provider">

   <description url="%descriptionUrl">
      %description
   </description>

   <copyright>
      %copyright
   </copyright>

   <license url="%licenseUrl">
      %license
   </license>

   <requires>
      <import feature="com.jrockit.mc.feature.core" match="equivalent"/>
   </requires>

   <plugin
         id="com.jrockit.mc.alert"
         download-size="0"
         install-size="0"
         version="5.5.0.165303"
         unpack="false"/>

   <plugin
         id="com.jrockit.mc.console.ui"
         download-size="0"
         install-size="0"
         version="5.5.0.165303"
         unpack="false"/>

   <plugin
         id="com.jrockit.mc.console.ui.notification"
         download-size="0"
         install-size="0"
         version="5.5.0.165303"/>

   <plugin
         id="com.jrockit.mc.console.historicaldata"
         download-size="0"
         install-size="0"
         version="5.5.0.165303"
         unpack="false"/>

   <plugin
         id="com.jrockit.mc.console.ui.mbeanbrowser"
         download-size="0"
         install-size="0"
         version="5.5.0.165303"
         unpack="false"/>

   <plugin
         id="com.jrockit.mc.console.ui.diagnostic"
         download-size="0"
         install-size="0"
         version="5.5.0.165303"
         unpack="false"/>

</feature>
